---------------------------------------------------------------------------------------------

进入数据库
C:\Users\15318>cd\
C:\>E:
E:\>cd E:\wamp64\bin\mysql\mysql5.7.14\bin  进入安装目录
E:\wamp64\bin\mysql\mysql5.7.14\bin>mysql -u root -p 数据库指令
---------------------------------------------------------------------------------------------
Enter password:
Welcome to the MySQL monitor.  Commands end with ; or \g.
Your MySQL connection id is 2
Server version: 5.7.14 MySQL Community Server (GPL)

Copyright (c) 2000, 2016, Oracle and/or its affiliates. All rights reserved.

Oracle is a registered trademark of Oracle Corporation and/or its
affiliates. Other names may be trademarks of their respective
owners.

Type 'help;' or '\h' for help. Type '\c' to clear the current input statement.
mysql>
---------------------------------------------------------------------------------------------
 show databases  查看数据库
 create database myname charset utf8;  创建数据库
---------------------------------------------------------------------------------------------
mysql> show databases;
创建数据表:
        create table if not exists data.test(
                   uname varchar(10),
phone int(11),
                    )charset utf8;
Query OK, 0 rows affected (0.11 sec)
---------------------------------------------------------------------------------------------
show databases查看当前数据库
mysql> show databases;
+--------------------+
| Database           |
+--------------------+
| information_schema |
| errol              |
| mysql              |
| name               |
| performance_schema |
| sys                |
+--------------------+
6 rows in set (1.49 sec)
-------------------------------------------------------------------------------------------------
use errol   使用当前数据库
-------------------------------------------------------------------------------------------------
查看使用的数据表
mysql>  show tables;
+-----------------+
| Tables_in_errol |
+-----------------+
| student         |
+-----------------+
1 row in set (0.19 sec)
----------------------------------------------------------------------------------------------------
查看数据表中的字段
mysql> desc student;
+--------+-------------+------+-----+---------+-------+
| Field  | Type        | Null | Key | Default | Extra |
+--------+-------------+------+-----+---------+-------+
| name   | varchar(10) | YES  |     | NULL    |       |
| class  | varchar(10) | YES  |     | NULL    |       |
| gender | varchar(10) | YES  |     | NULL    |       |
| age    | int(11)     | YES  |     | NULL    |       |
+--------+-------------+------+-----+---------+-------+
4 rows in set (0.07 sec)

mysql>
------------------------------------------------------------------------------------------------------
插入中文，多条数据依次插入即可。
mysql>    insert into data values('errol',15296708547);
Query OK, 1 row affected (0.06 sec)

mysql>
-------------------------------------------------------------------------------------------------------
查看当前表的内容
mysql>  select*from student;
+-------+-------+--------+------+
| name  | class | gender | age  |
+-------+-------+--------+------+
| Errol | 1班   | 1男    |   20 |
+-------+-------+--------+------+
1 row in set (0.04 sec)

mysql>
--------------------------------------------------------------------------------------------------------
给表的第一行添加一个ID值:  alter是数据库里面的一个函数。
mysql>
 alter table student
     add ID int first;
Query OK, 4 rows affected (0.64 sec)
Records: 4  Duplicates: 0  Warnings: 0

mysql>
mysql> desc student;
+--------+-------------+------+-----+---------+-------+
| Field  | Type        | Null | Key | Default | Extra |
+--------+-------------+------+-----+---------+-------+
| ID     | int(11)     | YES  |     | NULL    |       |
| name   | varchar(10) | YES  |     | NULL    |       |
| class  | varchar(10) | YES  |     | NULL    |       |
| gender | varchar(10) | YES  |     | NULL    |       |
| age    | int(11)     | YES  |     | NULL    |       |
+--------+-------------+------+-----+---------+-------+
5 rows in set (0.06 sec)

mysql>
---------------------------------------------------------------------------------------------------------
表的最后一行添加一个字段
mysql>
 alter table student
     add  hobby varchar(10)
   after age;
Query OK, 4 rows affected (0.06 sec)
Records: 4  Duplicates: 0  Warnings: 0

mysql> desc student;
+--------+-------------+------+-----+---------+-------+
| Field  | Type        | Null | Key | Default | Extra |
+--------+-------------+------+-----+---------+-------+
| ID     | int(11)     | YES  |     | NULL    |       |
| name   | varchar(10) | YES  |     | NULL    |       |
| class  | varchar(10) | YES  |     | NULL    |       |
| gender | varchar(10) | YES  |     | NULL    |       |
| age    | int(11)     | YES  |     | NULL    |       |
| hobby  | varchar(10) | YES  |     | NULL    |       |
+--------+-------------+------+-----+---------+-------+
6 rows in set (0.00 sec)

mysql>
-------------------------------------------------------------------------------------------------------
修改数据表
mysql>
alter table student
    change gender sex varchar(10);
Query OK, 0 rows affected (0.19 sec)
Records: 0  Duplicates: 0  Warnings: 0

mysql> desc student;
+-------+-------------+------+-----+---------+-------+
| Field | Type        | Null | Key | Default | Extra |
+-------+-------------+------+-----+---------+-------+
| ID    | int(11)     | YES  |     | NULL    |       |
| name  | varchar(10) | YES  |     | NULL    |       |
| class | varchar(10) | YES  |     | NULL    |       |
| sex   | varchar(10) | YES  |     | NULL    |       |
| age   | int(11)     | YES  |     | NULL    |       |
| hobby | varchar(10) | YES  |     | NULL    |       |
+-------+-------------+------+-----+---------+-------+
6 rows in set (0.00 sec)

mysql>
-------------------------------------------------------------------------------------------------
删除hobby字段
mysql>
 alter table student drop hobby;
Query OK, 4 rows affected (0.05 sec)
Records: 4  Duplicates: 0  Warnings: 0

mysql> desc student;
+-------+-------------+------+-----+---------+-------+
| Field | Type        | Null | Key | Default | Extra |
+-------+-------------+------+-----+---------+-------+
| ID    | int(11)     | YES  |     | NULL    |       |
| name  | varchar(10) | YES  |     | NULL    |       |
| class | varchar(10) | YES  |     | NULL    |       |
| sex   | varchar(10) | YES  |     | NULL    |       |
| age   | int(11)     | YES  |     | NULL    |       |
+-------+-------------+------+-----+---------+-------+
5 rows in set (0.00 sec)

mysql>
------------------------------------------------------------------------------------------------
带有条件的查询

mysql>
 select  name from student where sex='1男';
+-------+
| name  |
+-------+
| Errol |
+-------+
1 row in set (0.00 sec)

mysql>
-------------------------------------------------------------------------------------------------
更新数据
mysql>
 update student set  age=30 where name='Errol';
Query OK, 0 rows affected (0.00 sec)
Rows matched: 4  Changed: 0  Warnings: 0

mysql> select * from student;
+------+-------+-------+------+------+
| ID   | name  | class | sex  | age  |
+------+-------+-------+------+------+
| NULL | Errol | 1班   | 1男  |   30 |
| NULL | Errol | 2班   | 2男  |   30 |
| NULL | Errol | 2班   | 3男  |   30 |
| NULL | Errol | 2班   | 4男  |   30 |
+------+-------+-------+------+------+
4 rows in set (0.00 sec)

mysql>
---------------------------------------------------------------------------------------------------
删除数据
mysql> select * from student;
+------+-------+-------+------+------+
| ID   | name  | class | sex  | age  |
+------+-------+-------+------+------+
| NULL | Errol | 1班   | 1男  |   30 |
| NULL | Errol | 2班   | 2男  |   30 |
| NULL | Errol | 2班   | 3男  |   30 |
| NULL | Errol | 2班   | 4男  |   30 |
+------+-------+-------+------+------+
4 rows in set (0.00 sec)

mysql>    delete from student where name='Errol';
Query OK, 4 rows affected (0.00 sec)

mysql> select * from student;
Empty set (0.00 sec)

mysql>
-----------------------------------------------------------------------------------------------------------
--  查看表

   desc student;
----------------------------------------------------------------------------------------------
查看表中的字段
mysql>
   show columns from student;
+-------+-------------+------+-----+---------+-------+
| Field | Type        | Null | Key | Default | Extra |
+-------+-------------+------+-----+---------+-------+
| ID    | int(11)     | YES  |     | NULL    |       |
| NAME  | varchar(10) | YES  |     | NULL    |       |
| class | varchar(10) | YES  |     | NULL    |       |
| sex   | varchar(10) | YES  |     | NULL    |       |
| age   | int(11)     | YES  |     | NULL    |       |
+-------+-------------+------+-----+---------+-------+
5 rows in set (0.00 sec)
-----------------------------------------------------------------------------------------------------
修改表名：
